{"properties":{"connectionReferences":{"shared_github":{"runtimeSource":"invoker","connection":{"connectionReferenceLogicalName":"new_sharedgithub_6e69f"},"api":{"name":"shared_github"}}},"definition":{"$schema":"https://schema.management.azure.com/providers/Microsoft.Logic/schemas/2016-06-01/workflowdefinition.json#","contentVersion":"1.0.0.0","parameters":{"$connections":{"defaultValue":{},"type":"Object"},"$authentication":{"defaultValue":{},"type":"SecureObject"}},"triggers":{"manual":{"type":"Request","kind":"PowerApp","inputs":{"schema":{"type":"object","properties":{"Createanissue_Title":{"type":"string","description":"Summary of the issue.","x-ms-powerflows-param-ispartial":false},"ParseJSON_Content":{"type":"any","x-ms-powerflows-param-ispartial":false}},"required":["Createanissue_Title","ParseJSON_Content"]}}}},"actions":{"Create_an_issue":{"runAfter":{"Parse_JSON":["Succeeded"]},"type":"OpenApiConnection","inputs":{"host":{"connectionName":"shared_github","operationId":"CreateIssue","apiId":"/providers/Microsoft.PowerApps/apis/shared_github"},"parameters":{"repositoryOwner":"mwolfaardt","repositoryName":"PowerApps-GitHub","issueBasicDetails/title":"@body('Parse_JSON')?['Title']","issueBasicDetails/body":"@body('Parse_JSON')?['Body']"},"authentication":{"type":"Raw","value":"@json(decodeBase64(triggerOutputs().headers['X-MS-APIM-Tokens']))['$ConnectionKey']"}}},"Parse_JSON":{"runAfter":{},"type":"ParseJson","inputs":{"content":"@triggerBody()['ParseJSON_Content']","schema":{"type":"object","properties":{"Title":{"type":"string"},"Body":{"type":"string"}}}}}},"outputs":{}}},"schemaVersion":"1.0.0.0"}