<ImportExportXml xmlns:xsi="http://www.w3.org/2001/XMLSchema-instance">
  <Entities></Entities>
  <Roles></Roles>
  <Workflows>
    <Workflow WorkflowId="{40c0cdde-f450-eb11-a812-000d3ab256bb}" Name="PowerApp -&gt; Create an issue,Parse JSON">
      <JsonFileName>/Workflows/PowerApp-CreateanissueParseJSON-40C0CDDE-F450-EB11-A812-000D3AB256BB.json</JsonFileName>
      <Type>1</Type>
      <Subprocess>0</Subprocess>
      <Category>5</Category>
      <Mode>0</Mode>
      <Scope>4</Scope>
      <OnDemand>0</OnDemand>
      <TriggerOnCreate>0</TriggerOnCreate>
      <TriggerOnDelete>0</TriggerOnDelete>
      <AsyncAutodelete>0</AsyncAutodelete>
      <SyncWorkflowLogOnFailure>0</SyncWorkflowLogOnFailure>
      <StateCode>1</StateCode>
      <StatusCode>2</StatusCode>
      <RunAs>1</RunAs>
      <IsTransacted>1</IsTransacted>
      <IntroducedVersion>1.0</IntroducedVersion>
      <IsCustomizable>1</IsCustomizable>
      <BusinessProcessType>0</BusinessProcessType>
      <IsCustomProcessingStepAllowedForOtherPublishers>1</IsCustomProcessingStepAllowedForOtherPublishers>
      <PrimaryEntity>none</PrimaryEntity>
      <LocalizedNames>
        <LocalizedName languagecode="1033" description="PowerApp -&gt; Create an issue,Parse JSON" />
      </LocalizedNames>
    </Workflow>
  </Workflows>
  <FieldSecurityProfiles></FieldSecurityProfiles>
  <Templates />
  <EntityMaps />
  <EntityRelationships />
  <OrganizationSettings />
  <optionsets />
  <CustomControls />
  <EntityDataProviders />
  <CanvasApps>
    <CanvasApp>
      <Name>cod_githubissues_761d9</Name>
      <AppVersion>2021-01-12T15:49:07Z</AppVersion>
      <Status>Ready</Status>
      <CreatedByClientVersion>3.20122.13.0</CreatedByClientVersion>
      <MinClientVersion>3.20122.13.0</MinClientVersion>
      <Tags>{"primaryDeviceWidth":"640","primaryDeviceHeight":"1136","sienaVersion":"7a3f7b18-5563-4588-b4c6-960555c3d73d","deviceCapabilities":"","supportsPortrait":"true","supportsLandscape":"false","primaryFormFactor":"Phone","publisherVersion":"3.20122.13","minimumRequiredApiVersion":"2.2.0","hasComponent":"true","hasUnlockedComponent":"true","isUnifiedRootApp":"false"}</Tags>
      <IsCdsUpgraded>0</IsCdsUpgraded>
      <GalleryItemId xsi:nil="true"></GalleryItemId>
      <BackgroundColor>rgba(0, 138, 0, 1)</BackgroundColor>
      <DisplayName>GitHubIssues</DisplayName>
      <Description xsi:nil="true"></Description>
      <CommitMessage xsi:nil="true"></CommitMessage>
      <Publisher xsi:nil="true"></Publisher>
      <AuthorizationReferences xsi:nil="true"></AuthorizationReferences>
      <ConnectionReferences>{"9d758a36-a038-4d2d-8e06-f659b1eb1502":{"id":"/providers/microsoft.powerapps/apis/shared_logicflows","displayName":"Logic flows","iconUri":"https://resourcestackdeploy.blob.core.windows.net/scripts/13276078.png","dataSources":["PowerApp-&gt;Createanissue,ParseJSON"],"dependencies":["481a6f5e-913c-4b02-baef-3b6458c7d0d7"],"dependents":[],"parameterHints":{"workflowName":{"value":"0b595f1f-d03d-4c9f-a0d5-68610f9c3662"},"481a6f5e-913c-4b02-baef-3b6458c7d0d7":{"value":"shared_github"}},"isOnPremiseConnection":false,"bypassConsent":false,"dataSets":{},"apiTier":"Standard","actions":["Run"]},"481a6f5e-913c-4b02-baef-3b6458c7d0d7":{"id":"/providers/microsoft.powerapps/apis/shared_github","displayName":"GitHub","iconUri":"https://connectoricons-prod.azureedge.net/releases/v1.0.1419/1.0.1419.2241/github/icon.png","dataSources":[],"dependencies":[],"dependents":["9d758a36-a038-4d2d-8e06-f659b1eb1502"],"parameterHints":{},"isOnPremiseConnection":false,"bypassConsent":false,"dataSets":{},"apiTier":"Standard"}}</ConnectionReferences>
      <DatabaseReferences>{}</DatabaseReferences>
      <AppComponentDependencies>[]</AppComponentDependencies>
      <CanConsumeAppPass>1</CanConsumeAppPass>
      <CanvasAppType>0</CanvasAppType>
      <BypassConsent>0</BypassConsent>
      <AdminControlBypassConsent>0</AdminControlBypassConsent>
      <EmbeddedApp xsi:nil="true"></EmbeddedApp>
      <IntroducedVersion>1.0</IntroducedVersion>
      <CdsDependencies>{"cdsdependencies":[]}</CdsDependencies>
      <IsCustomizable>1</IsCustomizable>
      <BackgroundImageUri>/CanvasApps/cod_githubissues_761d9_BackgroundImageUri</BackgroundImageUri>
      <DocumentUri>/CanvasApps/cod_githubissues_761d9_DocumentUri.msapp</DocumentUri>
    </CanvasApp>
  </CanvasApps>
  <Languages>
    <Language>1033</Language>
  </Languages>
</ImportExportXml>